createdAt,createdBy,value
2020-10-17 07:32:21,be67faae-1f79-45c7-b218-dbeffe1c8ab2,38
2020-12-19 20:41:03,be67faae-1f79-45c7-b218-dbeffe1c8ab2,32
2020-08-23 21:54:46,e36f14bf-f469-44ef-ada5-5f26887b3e92,40
2020-12-23 20:39:49,61d565e9-64f9-4bf5-b8ef-e6660331dfbc,34
2020-12-13 08:30:35,e9859165-1ce2-40bc-85fe-f503a182ec9b,38
2021-01-14 16:37:48,93548b94-5888-4f45-9177-16243e755ee9,18
2021-03-05 06:46:59,f74cc5c9-e91e-4a66-b46a-b1ba776019ba,41
2020-10-18 03:52:37,d983c7ad-569c-4fad-8615-60d746fd4e75,30
2021-01-26 06:47:03,eb97a620-44d5-4e9e-8df8-e9e56aee78f1,15
2020-04-28 20:32:43,e9834a76-ada7-469e-a2be-43db255d47d4,17
2020-07-24 04:22:01,e9834a76-ada7-469e-a2be-43db255d47d4,24
2020-05-21 19:20:16,e36f14bf-f469-44ef-ada5-5f26887b3e92,20
2020-09-09 17:41:21,93548b94-5888-4f45-9177-16243e755ee9,41
2021-01-18 04:31:00,e36f14bf-f469-44ef-ada5-5f26887b3e92,17
2020-07-05 18:03:08,e9859165-1ce2-40bc-85fe-f503a182ec9b,25
2021-01-02 01:51:42,eb97a620-44d5-4e9e-8df8-e9e56aee78f1,22
2021-02-19 01:25:15,93548b94-5888-4f45-9177-16243e755ee9,29
2020-05-05 22:33:00,93548b94-5888-4f45-9177-16243e755ee9,22
2021-03-12 04:56:37,e9834a76-ada7-469e-a2be-43db255d47d4,22
2021-02-11 07:26:20,e36f14bf-f469-44ef-ada5-5f26887b3e92,18
2020-07-12 04:48:32,e9834a76-ada7-469e-a2be-43db255d47d4,29
2021-03-08 04:22:36,e9859165-1ce2-40bc-85fe-f503a182ec9b,31
2020-10-17 19:27:13,f74cc5c9-e91e-4a66-b46a-b1ba776019ba,16
2020-11-29 05:22:32,f74cc5c9-e91e-4a66-b46a-b1ba776019ba,34
2021-04-05 12:41:16,d983c7ad-569c-4fad-8615-60d746fd4e75,31
2021-02-14 00:50:14,d983c7ad-569c-4fad-8615-60d746fd4e75,21
2021-02-21 04:44:40,f74cc5c9-e91e-4a66-b46a-b1ba776019ba,23
2021-01-27 03:41:46,93548b94-5888-4f45-9177-16243e755ee9,38
2020-07-23 08:40:32,e36f14bf-f469-44ef-ada5-5f26887b3e92,22
2021-03-19 22:07:11,eb97a620-44d5-4e9e-8df8-e9e56aee78f1,17
2021-02-05 01:07:20,eb97a620-44d5-4e9e-8df8-e9e56aee78f1,33
2020-11-14 17:39:29,d983c7ad-569c-4fad-8615-60d746fd4e75,20
2020-06-13 22:09:40,d983c7ad-569c-4fad-8615-60d746fd4e75,21
2020-08-05 00:10:10,3aed1496-6b23-4b38-8837-c0345864d460,25
2020-05-09 20:34:46,f74cc5c9-e91e-4a66-b46a-b1ba776019ba,37
2021-03-08 19:12:22,93548b94-5888-4f45-9177-16243e755ee9,18
2020-07-19 19:14:19,d983c7ad-569c-4fad-8615-60d746fd4e75,24
2020-10-13 18:26:10,e9834a76-ada7-469e-a2be-43db255d47d4,39
2020-06-07 10:40:02,e9834a76-ada7-469e-a2be-43db255d47d4,25
2020-06-04 09:55:50,e36f14bf-f469-44ef-ada5-5f26887b3e92,27
2020-05-09 19:06:24,61d565e9-64f9-4bf5-b8ef-e6660331dfbc,26
2021-02-10 06:25:33,e36f14bf-f469-44ef-ada5-5f26887b3e92,29
2020-05-10 21:43:53,eb97a620-44d5-4e9e-8df8-e9e56aee78f1,28
2021-03-13 20:32:04,e36f14bf-f469-44ef-ada5-5f26887b3e92,18
2020-06-14 09:21:59,e9859165-1ce2-40bc-85fe-f503a182ec9b,35
2020-07-30 02:06:18,3aed1496-6b23-4b38-8837-c0345864d460,35
2020-09-30 16:56:20,3aed1496-6b23-4b38-8837-c0345864d460,19
2021-02-12 03:10:38,e9834a76-ada7-469e-a2be-43db255d47d4,22
2020-05-19 21:29:07,61d565e9-64f9-4bf5-b8ef-e6660331dfbc,27
2020-05-14 03:17:28,f74cc5c9-e91e-4a66-b46a-b1ba776019ba,18
2021-02-20 07:45:34,e9859165-1ce2-40bc-85fe-f503a182ec9b,17
2020-06-26 04:28:39,3aed1496-6b23-4b38-8837-c0345864d460,18
2020-06-02 23:22:05,e36f14bf-f469-44ef-ada5-5f26887b3e92,30
2021-02-14 00:15:15,eb97a620-44d5-4e9e-8df8-e9e56aee78f1,26
2021-03-01 18:59:16,93548b94-5888-4f45-9177-16243e755ee9,33
2021-02-21 15:17:28,61d565e9-64f9-4bf5-b8ef-e6660331dfbc,35
2020-11-28 23:50:42,e9859165-1ce2-40bc-85fe-f503a182ec9b,39
2020-07-23 10:44:51,e9834a76-ada7-469e-a2be-43db255d47d4,27
2020-06-07 04:27:49,93548b94-5888-4f45-9177-16243e755ee9,28
2020-07-18 19:00:11,be67faae-1f79-45c7-b218-dbeffe1c8ab2,16
2020-04-21 10:14:03,e36f14bf-f469-44ef-ada5-5f26887b3e92,29
2020-06-21 19:30:02,61d565e9-64f9-4bf5-b8ef-e6660331dfbc,19
2020-05-25 11:13:54,e36f14bf-f469-44ef-ada5-5f26887b3e92,16
2020-10-19 14:51:28,be67faae-1f79-45c7-b218-dbeffe1c8ab2,17
2020-10-12 20:01:52,e9834a76-ada7-469e-a2be-43db255d47d4,34
2021-03-13 15:36:52,f74cc5c9-e91e-4a66-b46a-b1ba776019ba,25
2020-08-12 22:23:02,e36f14bf-f469-44ef-ada5-5f26887b3e92,37
2020-07-04 21:35:01,3aed1496-6b23-4b38-8837-c0345864d460,41
2021-01-29 11:06:53,93548b94-5888-4f45-9177-16243e755ee9,32
2020-10-04 15:04:55,93548b94-5888-4f45-9177-16243e755ee9,34
2020-04-28 20:49:26,61d565e9-64f9-4bf5-b8ef-e6660331dfbc,19
2021-02-01 20:58:59,3aed1496-6b23-4b38-8837-c0345864d460,22
2020-07-21 02:24:05,61d565e9-64f9-4bf5-b8ef-e6660331dfbc,21
2020-06-01 15:03:24,d983c7ad-569c-4fad-8615-60d746fd4e75,20
2020-07-29 05:53:05,61d565e9-64f9-4bf5-b8ef-e6660331dfbc,24
2020-06-02 22:40:29,61d565e9-64f9-4bf5-b8ef-e6660331dfbc,37
2020-11-28 20:17:16,e9859165-1ce2-40bc-85fe-f503a182ec9b,22
2021-02-25 07:56:07,e36f14bf-f469-44ef-ada5-5f26887b3e92,33
2020-09-08 04:36:48,e9859165-1ce2-40bc-85fe-f503a182ec9b,20
2020-08-15 21:01:02,eb97a620-44d5-4e9e-8df8-e9e56aee78f1,26
2020-04-22 12:16:40,d983c7ad-569c-4fad-8615-60d746fd4e75,19
2021-01-13 21:35:27,d983c7ad-569c-4fad-8615-60d746fd4e75,34
2020-11-23 01:40:40,e36f14bf-f469-44ef-ada5-5f26887b3e92,22
2020-10-14 09:49:34,f74cc5c9-e91e-4a66-b46a-b1ba776019ba,27
2020-09-19 19:10:48,93548b94-5888-4f45-9177-16243e755ee9,26
2020-08-05 20:30:21,e36f14bf-f469-44ef-ada5-5f26887b3e92,22
2020-08-21 07:07:53,3aed1496-6b23-4b38-8837-c0345864d460,37
2021-02-27 03:08:14,d983c7ad-569c-4fad-8615-60d746fd4e75,35
2020-08-27 05:58:33,e36f14bf-f469-44ef-ada5-5f26887b3e92,24
2021-01-18 03:32:49,e36f14bf-f469-44ef-ada5-5f26887b3e92,24
2021-02-20 14:44:48,eb97a620-44d5-4e9e-8df8-e9e56aee78f1,36
2021-03-25 11:06:47,f74cc5c9-e91e-4a66-b46a-b1ba776019ba,22
2021-03-24 12:24:42,eb97a620-44d5-4e9e-8df8-e9e56aee78f1,18
2020-07-06 13:36:20,e36f14bf-f469-44ef-ada5-5f26887b3e92,25
2020-06-03 12:42:07,61d565e9-64f9-4bf5-b8ef-e6660331dfbc,22
2021-01-23 00:48:35,3aed1496-6b23-4b38-8837-c0345864d460,29
2021-04-10 01:20:56,eb97a620-44d5-4e9e-8df8-e9e56aee78f1,16
2021-03-31 06:23:56,f74cc5c9-e91e-4a66-b46a-b1ba776019ba,25
2020-12-25 08:21:10,f74cc5c9-e91e-4a66-b46a-b1ba776019ba,29
2020-05-13 16:14:20,3aed1496-6b23-4b38-8837-c0345864d460,34
2020-11-15 12:45:47,3aed1496-6b23-4b38-8837-c0345864d460,19
2021-01-17 13:52:44,e36f14bf-f469-44ef-ada5-5f26887b3e92,21
2020-06-10 18:12:42,f74cc5c9-e91e-4a66-b46a-b1ba776019ba,38
2020-05-10 17:56:33,eb97a620-44d5-4e9e-8df8-e9e56aee78f1,32
2020-06-18 00:54:06,eb97a620-44d5-4e9e-8df8-e9e56aee78f1,25
2021-01-25 12:27:54,e9834a76-ada7-469e-a2be-43db255d47d4,19
2020-05-04 21:04:55,e9859165-1ce2-40bc-85fe-f503a182ec9b,40
2020-11-19 02:45:26,be67faae-1f79-45c7-b218-dbeffe1c8ab2,35
2020-12-16 10:45:43,f74cc5c9-e91e-4a66-b46a-b1ba776019ba,25
2020-05-20 11:55:27,61d565e9-64f9-4bf5-b8ef-e6660331dfbc,16
2020-05-27 05:50:36,93548b94-5888-4f45-9177-16243e755ee9,35
2020-10-15 06:13:22,61d565e9-64f9-4bf5-b8ef-e6660331dfbc,22
2020-10-31 01:35:17,e36f14bf-f469-44ef-ada5-5f26887b3e92,26
2020-12-12 06:44:12,e9834a76-ada7-469e-a2be-43db255d47d4,17
2021-02-04 12:23:09,eb97a620-44d5-4e9e-8df8-e9e56aee78f1,28
2020-12-10 19:46:03,93548b94-5888-4f45-9177-16243e755ee9,34
2020-08-26 00:47:13,e9834a76-ada7-469e-a2be-43db255d47d4,22
2020-11-24 16:17:26,93548b94-5888-4f45-9177-16243e755ee9,21
2020-04-24 17:16:51,e36f14bf-f469-44ef-ada5-5f26887b3e92,20
2020-04-26 22:57:06,be67faae-1f79-45c7-b218-dbeffe1c8ab2,22
2020-09-23 17:22:00,d983c7ad-569c-4fad-8615-60d746fd4e75,28
2020-10-24 01:22:15,e9834a76-ada7-469e-a2be-43db255d47d4,31
2020-10-10 14:30:22,61d565e9-64f9-4bf5-b8ef-e6660331dfbc,24
2021-02-12 01:25:17,3aed1496-6b23-4b38-8837-c0345864d460,30
2021-02-11 06:11:58,3aed1496-6b23-4b38-8837-c0345864d460,41
2020-05-06 16:31:32,e9834a76-ada7-469e-a2be-43db255d47d4,29
2020-08-12 20:35:18,eb97a620-44d5-4e9e-8df8-e9e56aee78f1,16
2021-02-08 01:35:16,e9859165-1ce2-40bc-85fe-f503a182ec9b,35
2020-11-01 14:05:57,e9834a76-ada7-469e-a2be-43db255d47d4,32
2020-07-13 16:03:10,e9834a76-ada7-469e-a2be-43db255d47d4,28
2020-11-15 18:50:47,93548b94-5888-4f45-9177-16243e755ee9,32
2021-04-08 13:10:03,3aed1496-6b23-4b38-8837-c0345864d460,23
2020-11-09 22:01:28,d983c7ad-569c-4fad-8615-60d746fd4e75,36
2020-04-21 02:05:26,61d565e9-64f9-4bf5-b8ef-e6660331dfbc,26
2020-09-03 10:03:38,93548b94-5888-4f45-9177-16243e755ee9,17
2020-04-14 18:06:07,e9834a76-ada7-469e-a2be-43db255d47d4,16
2021-01-25 13:23:52,e9834a76-ada7-469e-a2be-43db255d47d4,38
2020-12-18 08:05:44,e9834a76-ada7-469e-a2be-43db255d47d4,20
2020-07-25 15:21:31,3aed1496-6b23-4b38-8837-c0345864d460,33
2020-12-28 22:36:57,be67faae-1f79-45c7-b218-dbeffe1c8ab2,17
2021-02-13 21:45:04,e9834a76-ada7-469e-a2be-43db255d47d4,29
2020-05-15 19:25:13,93548b94-5888-4f45-9177-16243e755ee9,39
2021-03-06 11:00:40,61d565e9-64f9-4bf5-b8ef-e6660331dfbc,32
2020-10-11 02:49:11,e36f14bf-f469-44ef-ada5-5f26887b3e92,34
2020-06-23 18:20:44,d983c7ad-569c-4fad-8615-60d746fd4e75,40
2020-09-12 03:54:55,be67faae-1f79-45c7-b218-dbeffe1c8ab2,37
2021-03-31 02:29:35,e9834a76-ada7-469e-a2be-43db255d47d4,18
2021-02-27 19:47:30,e36f14bf-f469-44ef-ada5-5f26887b3e92,24
2020-08-05 11:06:13,f74cc5c9-e91e-4a66-b46a-b1ba776019ba,15
2020-08-22 00:37:59,d983c7ad-569c-4fad-8615-60d746fd4e75,29
2021-01-04 01:07:19,e36f14bf-f469-44ef-ada5-5f26887b3e92,40
2020-09-02 11:09:04,be67faae-1f79-45c7-b218-dbeffe1c8ab2,35
2020-08-20 21:55:01,be67faae-1f79-45c7-b218-dbeffe1c8ab2,20
2020-04-24 13:06:58,3aed1496-6b23-4b38-8837-c0345864d460,22
2021-01-25 10:34:25,e9859165-1ce2-40bc-85fe-f503a182ec9b,28
2020-05-21 03:37:14,d983c7ad-569c-4fad-8615-60d746fd4e75,22
2020-06-01 14:25:10,e9834a76-ada7-469e-a2be-43db255d47d4,28
2021-03-17 00:06:46,f74cc5c9-e91e-4a66-b46a-b1ba776019ba,18
2020-08-12 01:38:33,93548b94-5888-4f45-9177-16243e755ee9,32
2020-08-08 02:57:12,e9859165-1ce2-40bc-85fe-f503a182ec9b,24
2020-06-15 20:17:57,61d565e9-64f9-4bf5-b8ef-e6660331dfbc,35
2020-09-06 22:51:24,3aed1496-6b23-4b38-8837-c0345864d460,26
2020-10-30 15:27:05,61d565e9-64f9-4bf5-b8ef-e6660331dfbc,31
2020-07-17 18:43:49,93548b94-5888-4f45-9177-16243e755ee9,37
2020-06-02 16:40:34,be67faae-1f79-45c7-b218-dbeffe1c8ab2,23
2020-04-16 06:42:20,f74cc5c9-e91e-4a66-b46a-b1ba776019ba,39
2020-07-13 17:19:23,e9859165-1ce2-40bc-85fe-f503a182ec9b,35
2021-01-03 02:26:30,3aed1496-6b23-4b38-8837-c0345864d460,15
2020-06-10 21:04:02,e9834a76-ada7-469e-a2be-43db255d47d4,18
2020-12-09 18:10:59,be67faae-1f79-45c7-b218-dbeffe1c8ab2,21
2020-07-17 04:54:16,e9859165-1ce2-40bc-85fe-f503a182ec9b,22
2021-03-21 15:16:49,e36f14bf-f469-44ef-ada5-5f26887b3e92,20
2020-10-07 23:21:25,61d565e9-64f9-4bf5-b8ef-e6660331dfbc,22
2021-03-03 16:06:35,be67faae-1f79-45c7-b218-dbeffe1c8ab2,32
2020-11-26 15:28:38,d983c7ad-569c-4fad-8615-60d746fd4e75,37
2021-01-01 20:15:19,e9834a76-ada7-469e-a2be-43db255d47d4,17
2020-05-09 17:50:25,eb97a620-44d5-4e9e-8df8-e9e56aee78f1,24
2020-09-15 11:27:58,f74cc5c9-e91e-4a66-b46a-b1ba776019ba,24
2020-04-29 22:27:17,e36f14bf-f469-44ef-ada5-5f26887b3e92,21
2021-01-06 01:02:39,e9834a76-ada7-469e-a2be-43db255d47d4,32
2020-12-22 15:06:51,e9834a76-ada7-469e-a2be-43db255d47d4,16
2020-07-07 16:22:38,e9859165-1ce2-40bc-85fe-f503a182ec9b,19
2020-08-12 23:40:03,61d565e9-64f9-4bf5-b8ef-e6660331dfbc,22
2020-06-09 07:52:57,eb97a620-44d5-4e9e-8df8-e9e56aee78f1,38
2021-03-13 01:09:06,d983c7ad-569c-4fad-8615-60d746fd4e75,40
2020-11-13 04:52:41,e9859165-1ce2-40bc-85fe-f503a182ec9b,38
2021-02-17 08:39:29,d983c7ad-569c-4fad-8615-60d746fd4e75,17
2020-06-29 10:43:16,e9859165-1ce2-40bc-85fe-f503a182ec9b,32
2021-03-05 05:16:30,be67faae-1f79-45c7-b218-dbeffe1c8ab2,37
2020-06-14 11:32:17,d983c7ad-569c-4fad-8615-60d746fd4e75,30
2020-08-06 08:01:14,61d565e9-64f9-4bf5-b8ef-e6660331dfbc,41
2020-08-11 06:11:17,e9834a76-ada7-469e-a2be-43db255d47d4,35
2020-10-13 08:47:35,eb97a620-44d5-4e9e-8df8-e9e56aee78f1,32
2020-12-14 19:41:51,d983c7ad-569c-4fad-8615-60d746fd4e75,32
2020-05-14 19:12:25,e36f14bf-f469-44ef-ada5-5f26887b3e92,29
2020-11-20 06:16:52,d983c7ad-569c-4fad-8615-60d746fd4e75,25
2020-09-02 09:28:28,be67faae-1f79-45c7-b218-dbeffe1c8ab2,32
2020-10-28 00:06:01,93548b94-5888-4f45-9177-16243e755ee9,19
2020-10-02 02:24:35,e9859165-1ce2-40bc-85fe-f503a182ec9b,33
2021-01-10 03:55:30,93548b94-5888-4f45-9177-16243e755ee9,28
2020-06-01 10:35:44,3aed1496-6b23-4b38-8837-c0345864d460,19
2020-08-09 20:57:51,93548b94-5888-4f45-9177-16243e755ee9,15
2020-05-03 23:26:59,e9834a76-ada7-469e-a2be-43db255d47d4,16
2020-08-05 16:25:23,3aed1496-6b23-4b38-8837-c0345864d460,27
2020-12-11 04:32:49,93548b94-5888-4f45-9177-16243e755ee9,32
2020-09-13 05:08:59,61d565e9-64f9-4bf5-b8ef-e6660331dfbc,38
2020-07-20 14:37:36,e9859165-1ce2-40bc-85fe-f503a182ec9b,25
2020-11-26 02:44:49,e36f14bf-f469-44ef-ada5-5f26887b3e92,41
2020-06-21 04:59:08,d983c7ad-569c-4fad-8615-60d746fd4e75,38
2020-09-25 10:24:12,93548b94-5888-4f45-9177-16243e755ee9,39
2020-11-25 03:09:43,e36f14bf-f469-44ef-ada5-5f26887b3e92,35
2020-11-05 05:09:48,eb97a620-44d5-4e9e-8df8-e9e56aee78f1,30
2020-09-30 14:35:36,61d565e9-64f9-4bf5-b8ef-e6660331dfbc,27
2020-05-23 08:25:32,61d565e9-64f9-4bf5-b8ef-e6660331dfbc,39
2021-02-01 13:24:11,e36f14bf-f469-44ef-ada5-5f26887b3e92,38
2020-07-05 16:57:27,f74cc5c9-e91e-4a66-b46a-b1ba776019ba,17
2020-07-05 01:06:06,e9834a76-ada7-469e-a2be-43db255d47d4,21
2020-07-30 07:20:21,e36f14bf-f469-44ef-ada5-5f26887b3e92,25
2020-06-05 23:18:03,93548b94-5888-4f45-9177-16243e755ee9,24
2020-08-01 01:12:54,f74cc5c9-e91e-4a66-b46a-b1ba776019ba,39
2020-12-29 00:48:18,e9834a76-ada7-469e-a2be-43db255d47d4,30
2021-03-01 14:19:27,e36f14bf-f469-44ef-ada5-5f26887b3e92,26
2021-01-03 17:35:24,d983c7ad-569c-4fad-8615-60d746fd4e75,40
2020-07-17 20:58:38,e9834a76-ada7-469e-a2be-43db255d47d4,20
2020-06-06 12:51:38,eb97a620-44d5-4e9e-8df8-e9e56aee78f1,38
2021-01-21 16:40:49,be67faae-1f79-45c7-b218-dbeffe1c8ab2,36
2021-01-23 11:39:04,e9859165-1ce2-40bc-85fe-f503a182ec9b,17
2020-12-28 14:00:28,3aed1496-6b23-4b38-8837-c0345864d460,22
2020-08-19 12:50:04,e36f14bf-f469-44ef-ada5-5f26887b3e92,17
2021-01-08 18:58:17,eb97a620-44d5-4e9e-8df8-e9e56aee78f1,15
2021-01-16 11:31:29,e36f14bf-f469-44ef-ada5-5f26887b3e92,28
2020-08-17 05:59:21,f74cc5c9-e91e-4a66-b46a-b1ba776019ba,29
2020-05-04 18:45:24,e9859165-1ce2-40bc-85fe-f503a182ec9b,38
2021-01-20 20:08:47,e9859165-1ce2-40bc-85fe-f503a182ec9b,34
2020-08-17 17:55:27,3aed1496-6b23-4b38-8837-c0345864d460,20
2021-01-15 22:18:36,d983c7ad-569c-4fad-8615-60d746fd4e75,28
2021-01-14 16:26:06,eb97a620-44d5-4e9e-8df8-e9e56aee78f1,19
2021-03-08 19:31:48,e9834a76-ada7-469e-a2be-43db255d47d4,18
2020-09-11 17:57:29,e9834a76-ada7-469e-a2be-43db255d47d4,41
2021-02-03 08:59:32,93548b94-5888-4f45-9177-16243e755ee9,40
2021-02-18 03:13:30,e9834a76-ada7-469e-a2be-43db255d47d4,19
2020-08-03 00:29:02,e9859165-1ce2-40bc-85fe-f503a182ec9b,35
2021-03-09 20:27:51,f74cc5c9-e91e-4a66-b46a-b1ba776019ba,27
2020-10-18 08:28:08,3aed1496-6b23-4b38-8837-c0345864d460,22
2021-02-28 02:52:13,3aed1496-6b23-4b38-8837-c0345864d460,24
2020-05-21 17:14:08,d983c7ad-569c-4fad-8615-60d746fd4e75,26
2020-07-06 01:20:48,d983c7ad-569c-4fad-8615-60d746fd4e75,30
2020-11-27 03:51:33,be67faae-1f79-45c7-b218-dbeffe1c8ab2,40
2020-04-28 16:32:36,e9834a76-ada7-469e-a2be-43db255d47d4,19
2020-09-07 02:58:47,3aed1496-6b23-4b38-8837-c0345864d460,20
2021-03-04 12:47:06,e9834a76-ada7-469e-a2be-43db255d47d4,22
2021-02-17 02:28:58,e9834a76-ada7-469e-a2be-43db255d47d4,22
2020-09-11 21:30:01,be67faae-1f79-45c7-b218-dbeffe1c8ab2,21
2020-12-19 01:55:22,e36f14bf-f469-44ef-ada5-5f26887b3e92,19
2020-08-15 04:51:04,be67faae-1f79-45c7-b218-dbeffe1c8ab2,16
2021-04-03 18:15:55,61d565e9-64f9-4bf5-b8ef-e6660331dfbc,41
2020-05-07 16:48:25,3aed1496-6b23-4b38-8837-c0345864d460,32
2020-12-17 13:23:10,e36f14bf-f469-44ef-ada5-5f26887b3e92,37
2021-03-26 10:43:56,d983c7ad-569c-4fad-8615-60d746fd4e75,28
2020-08-22 14:40:08,eb97a620-44d5-4e9e-8df8-e9e56aee78f1,23
2020-11-05 19:23:45,e36f14bf-f469-44ef-ada5-5f26887b3e92,26
2020-09-21 14:33:38,93548b94-5888-4f45-9177-16243e755ee9,16
2021-04-02 16:44:04,e36f14bf-f469-44ef-ada5-5f26887b3e92,30
2020-05-17 09:36:17,f74cc5c9-e91e-4a66-b46a-b1ba776019ba,33
2020-12-29 12:54:42,eb97a620-44d5-4e9e-8df8-e9e56aee78f1,20
2020-12-03 00:28:53,e9834a76-ada7-469e-a2be-43db255d47d4,41
2020-10-28 05:49:13,93548b94-5888-4f45-9177-16243e755ee9,18
2020-09-23 21:05:04,e36f14bf-f469-44ef-ada5-5f26887b3e92,30
2020-08-21 01:08:17,3aed1496-6b23-4b38-8837-c0345864d460,27
2020-06-30 15:27:51,e36f14bf-f469-44ef-ada5-5f26887b3e92,21
2020-11-14 02:11:21,e9834a76-ada7-469e-a2be-43db255d47d4,40
2021-01-14 15:34:54,eb97a620-44d5-4e9e-8df8-e9e56aee78f1,40
2020-09-06 04:18:47,eb97a620-44d5-4e9e-8df8-e9e56aee78f1,19
2021-01-23 16:00:59,f74cc5c9-e91e-4a66-b46a-b1ba776019ba,25
2020-09-06 04:06:36,61d565e9-64f9-4bf5-b8ef-e6660331dfbc,15
2020-12-08 15:42:00,f74cc5c9-e91e-4a66-b46a-b1ba776019ba,23
2020-10-30 04:48:40,f74cc5c9-e91e-4a66-b46a-b1ba776019ba,20
2021-02-20 04:37:55,f74cc5c9-e91e-4a66-b46a-b1ba776019ba,23
2020-11-12 12:28:10,eb97a620-44d5-4e9e-8df8-e9e56aee78f1,37
2020-05-04 09:04:33,93548b94-5888-4f45-9177-16243e755ee9,20
2020-07-06 14:47:47,e9859165-1ce2-40bc-85fe-f503a182ec9b,20
2020-12-30 14:06:55,eb97a620-44d5-4e9e-8df8-e9e56aee78f1,23
2020-09-21 13:21:32,e9859165-1ce2-40bc-85fe-f503a182ec9b,33
2020-12-25 12:06:28,93548b94-5888-4f45-9177-16243e755ee9,37
2021-02-28 02:23:54,e9859165-1ce2-40bc-85fe-f503a182ec9b,19
2020-11-21 21:15:28,f74cc5c9-e91e-4a66-b46a-b1ba776019ba,34
2020-08-20 01:13:21,93548b94-5888-4f45-9177-16243e755ee9,27
2021-04-10 07:11:03,f74cc5c9-e91e-4a66-b46a-b1ba776019ba,20
2021-01-02 15:51:49,e9859165-1ce2-40bc-85fe-f503a182ec9b,30
2020-04-29 01:20:43,eb97a620-44d5-4e9e-8df8-e9e56aee78f1,39
2020-08-06 22:36:35,e9859165-1ce2-40bc-85fe-f503a182ec9b,30
2020-08-13 19:11:21,d983c7ad-569c-4fad-8615-60d746fd4e75,25
2020-12-29 03:54:16,e36f14bf-f469-44ef-ada5-5f26887b3e92,28
2020-06-15 10:27:03,be67faae-1f79-45c7-b218-dbeffe1c8ab2,35
2020-09-22 08:46:52,eb97a620-44d5-4e9e-8df8-e9e56aee78f1,26
2020-09-25 17:59:39,eb97a620-44d5-4e9e-8df8-e9e56aee78f1,15
2021-02-02 21:40:46,61d565e9-64f9-4bf5-b8ef-e6660331dfbc,28
2020-08-28 06:53:28,3aed1496-6b23-4b38-8837-c0345864d460,28
2020-08-15 09:42:26,f74cc5c9-e91e-4a66-b46a-b1ba776019ba,35
2021-01-29 05:07:16,f74cc5c9-e91e-4a66-b46a-b1ba776019ba,28
2021-01-15 08:26:49,93548b94-5888-4f45-9177-16243e755ee9,41
2021-03-10 05:21:28,e36f14bf-f469-44ef-ada5-5f26887b3e92,21
2020-05-23 23:11:22,61d565e9-64f9-4bf5-b8ef-e6660331dfbc,29
2020-06-10 00:27:12,93548b94-5888-4f45-9177-16243e755ee9,39
2020-04-23 09:02:18,e9859165-1ce2-40bc-85fe-f503a182ec9b,31
2021-01-10 01:10:49,eb97a620-44d5-4e9e-8df8-e9e56aee78f1,20
2020-12-22 11:24:22,eb97a620-44d5-4e9e-8df8-e9e56aee78f1,20
2020-09-17 15:21:31,be67faae-1f79-45c7-b218-dbeffe1c8ab2,39
2020-07-08 04:39:59,3aed1496-6b23-4b38-8837-c0345864d460,32
2020-05-26 06:46:43,d983c7ad-569c-4fad-8615-60d746fd4e75,17
2021-02-09 21:53:56,d983c7ad-569c-4fad-8615-60d746fd4e75,38
2021-02-18 08:32:50,93548b94-5888-4f45-9177-16243e755ee9,28
2020-05-25 10:54:47,93548b94-5888-4f45-9177-16243e755ee9,31
2020-09-04 02:34:16,eb97a620-44d5-4e9e-8df8-e9e56aee78f1,40
2020-04-28 22:12:39,93548b94-5888-4f45-9177-16243e755ee9,36
2020-07-26 06:44:44,3aed1496-6b23-4b38-8837-c0345864d460,37
2020-08-03 11:41:23,e36f14bf-f469-44ef-ada5-5f26887b3e92,15
2020-09-08 11:51:16,61d565e9-64f9-4bf5-b8ef-e6660331dfbc,28
2020-10-02 09:35:59,61d565e9-64f9-4bf5-b8ef-e6660331dfbc,19
2021-01-26 20:44:27,f74cc5c9-e91e-4a66-b46a-b1ba776019ba,34
2020-04-24 17:08:25,e9859165-1ce2-40bc-85fe-f503a182ec9b,15
2020-11-11 04:30:15,e9834a76-ada7-469e-a2be-43db255d47d4,36
2020-12-21 12:27:51,93548b94-5888-4f45-9177-16243e755ee9,36
2020-06-29 08:48:59,be67faae-1f79-45c7-b218-dbeffe1c8ab2,26
2020-09-01 07:12:54,3aed1496-6b23-4b38-8837-c0345864d460,32
2020-09-13 05:32:16,eb97a620-44d5-4e9e-8df8-e9e56aee78f1,22
2020-07-31 02:28:55,e9834a76-ada7-469e-a2be-43db255d47d4,36
2020-08-20 21:25:47,eb97a620-44d5-4e9e-8df8-e9e56aee78f1,39
2020-12-11 10:02:13,e9859165-1ce2-40bc-85fe-f503a182ec9b,30
2021-03-31 12:01:57,61d565e9-64f9-4bf5-b8ef-e6660331dfbc,23
2020-11-11 00:38:55,f74cc5c9-e91e-4a66-b46a-b1ba776019ba,32
2021-02-16 18:54:03,e9859165-1ce2-40bc-85fe-f503a182ec9b,37
2020-06-29 12:50:03,be67faae-1f79-45c7-b218-dbeffe1c8ab2,34
2020-06-27 22:26:56,e9859165-1ce2-40bc-85fe-f503a182ec9b,31
2020-10-17 10:19:27,be67faae-1f79-45c7-b218-dbeffe1c8ab2,19
2021-01-09 18:46:05,eb97a620-44d5-4e9e-8df8-e9e56aee78f1,18
2021-02-11 02:58:33,f74cc5c9-e91e-4a66-b46a-b1ba776019ba,39
2020-12-28 14:54:40,d983c7ad-569c-4fad-8615-60d746fd4e75,36
2020-10-31 20:26:46,e9834a76-ada7-469e-a2be-43db255d47d4,20
2021-01-07 17:11:57,e36f14bf-f469-44ef-ada5-5f26887b3e92,23
2020-08-06 11:53:14,be67faae-1f79-45c7-b218-dbeffe1c8ab2,19
2020-08-25 12:46:58,eb97a620-44d5-4e9e-8df8-e9e56aee78f1,22
2020-10-13 01:54:02,3aed1496-6b23-4b38-8837-c0345864d460,37
2020-11-08 20:03:18,e9834a76-ada7-469e-a2be-43db255d47d4,27
2021-03-12 17:44:38,61d565e9-64f9-4bf5-b8ef-e6660331dfbc,26
2020-09-27 09:14:27,e9834a76-ada7-469e-a2be-43db255d47d4,26
2020-08-02 21:08:12,f74cc5c9-e91e-4a66-b46a-b1ba776019ba,32
2021-04-03 21:30:27,93548b94-5888-4f45-9177-16243e755ee9,24
2020-09-27 08:31:41,61d565e9-64f9-4bf5-b8ef-e6660331dfbc,26
2020-10-01 21:26:44,3aed1496-6b23-4b38-8837-c0345864d460,34
2020-05-01 02:26:23,be67faae-1f79-45c7-b218-dbeffe1c8ab2,40
2021-01-23 16:20:12,3aed1496-6b23-4b38-8837-c0345864d460,34
2020-10-17 06:17:44,e9859165-1ce2-40bc-85fe-f503a182ec9b,40
2020-11-22 08:55:27,e9859165-1ce2-40bc-85fe-f503a182ec9b,29
2020-12-29 17:21:23,3aed1496-6b23-4b38-8837-c0345864d460,26
2021-03-28 16:25:55,61d565e9-64f9-4bf5-b8ef-e6660331dfbc,39
2021-01-16 20:12:07,93548b94-5888-4f45-9177-16243e755ee9,25
2020-10-08 02:06:34,e36f14bf-f469-44ef-ada5-5f26887b3e92,21
2020-09-24 15:31:29,be67faae-1f79-45c7-b218-dbeffe1c8ab2,15
2020-05-06 09:51:53,e9834a76-ada7-469e-a2be-43db255d47d4,26
2020-09-04 20:24:06,e36f14bf-f469-44ef-ada5-5f26887b3e92,31
2020-11-03 16:01:35,93548b94-5888-4f45-9177-16243e755ee9,20
2020-05-03 02:07:21,93548b94-5888-4f45-9177-16243e755ee9,40
2020-08-23 03:38:11,e36f14bf-f469-44ef-ada5-5f26887b3e92,38
2020-10-31 16:14:47,e9859165-1ce2-40bc-85fe-f503a182ec9b,17
2020-08-31 14:46:51,e9859165-1ce2-40bc-85fe-f503a182ec9b,16
2020-04-26 00:20:29,61d565e9-64f9-4bf5-b8ef-e6660331dfbc,35
2020-05-07 08:58:45,be67faae-1f79-45c7-b218-dbeffe1c8ab2,23
2020-12-27 05:19:01,d983c7ad-569c-4fad-8615-60d746fd4e75,39
2020-07-01 19:37:45,e9834a76-ada7-469e-a2be-43db255d47d4,25
2021-01-23 03:09:48,93548b94-5888-4f45-9177-16243e755ee9,24
2020-05-31 14:15:50,61d565e9-64f9-4bf5-b8ef-e6660331dfbc,32
2020-11-16 17:30:23,d983c7ad-569c-4fad-8615-60d746fd4e75,28
2020-07-27 05:02:15,93548b94-5888-4f45-9177-16243e755ee9,38
2020-05-16 07:35:54,e36f14bf-f469-44ef-ada5-5f26887b3e92,40
2020-04-22 02:15:51,eb97a620-44d5-4e9e-8df8-e9e56aee78f1,33
2020-10-25 12:15:29,e36f14bf-f469-44ef-ada5-5f26887b3e92,22
2020-07-06 02:16:01,3aed1496-6b23-4b38-8837-c0345864d460,34
2020-06-13 07:27:19,d983c7ad-569c-4fad-8615-60d746fd4e75,21
2020-08-06 06:04:30,eb97a620-44d5-4e9e-8df8-e9e56aee78f1,16
2020-09-24 07:22:38,eb97a620-44d5-4e9e-8df8-e9e56aee78f1,28
2020-05-27 22:04:56,93548b94-5888-4f45-9177-16243e755ee9,24
2021-01-31 15:19:47,e9859165-1ce2-40bc-85fe-f503a182ec9b,27
2020-06-20 13:12:52,e9859165-1ce2-40bc-85fe-f503a182ec9b,33
2020-09-16 07:11:04,f74cc5c9-e91e-4a66-b46a-b1ba776019ba,37
2020-09-27 22:58:58,be67faae-1f79-45c7-b218-dbeffe1c8ab2,39
2021-03-12 00:04:10,e9834a76-ada7-469e-a2be-43db255d47d4,16
2020-07-07 23:12:24,93548b94-5888-4f45-9177-16243e755ee9,41
2020-11-13 14:08:34,93548b94-5888-4f45-9177-16243e755ee9,17
2020-08-16 06:08:59,be67faae-1f79-45c7-b218-dbeffe1c8ab2,34
2020-09-16 18:02:34,e9859165-1ce2-40bc-85fe-f503a182ec9b,34
2020-04-13 17:03:28,3aed1496-6b23-4b38-8837-c0345864d460,40
2020-11-13 01:50:28,f74cc5c9-e91e-4a66-b46a-b1ba776019ba,24
2021-02-18 18:16:04,e36f14bf-f469-44ef-ada5-5f26887b3e92,20
2021-03-09 13:08:45,e36f14bf-f469-44ef-ada5-5f26887b3e92,15
2020-05-05 17:38:40,93548b94-5888-4f45-9177-16243e755ee9,33
2020-07-06 13:37:56,e36f14bf-f469-44ef-ada5-5f26887b3e92,31
2020-06-07 09:10:05,eb97a620-44d5-4e9e-8df8-e9e56aee78f1,39
2021-04-08 08:54:48,e9859165-1ce2-40bc-85fe-f503a182ec9b,23
2020-08-06 12:11:52,be67faae-1f79-45c7-b218-dbeffe1c8ab2,29
2020-07-18 01:07:29,f74cc5c9-e91e-4a66-b46a-b1ba776019ba,17
2021-02-09 23:21:04,eb97a620-44d5-4e9e-8df8-e9e56aee78f1,18
2021-01-24 00:57:25,93548b94-5888-4f45-9177-16243e755ee9,30
2020-07-15 08:25:09,e9859165-1ce2-40bc-85fe-f503a182ec9b,30
2020-09-23 19:08:41,e9859165-1ce2-40bc-85fe-f503a182ec9b,27
2020-08-26 04:08:28,eb97a620-44d5-4e9e-8df8-e9e56aee78f1,19
2020-11-19 21:23:48,be67faae-1f79-45c7-b218-dbeffe1c8ab2,21
2021-03-01 11:21:59,61d565e9-64f9-4bf5-b8ef-e6660331dfbc,16
2021-01-21 18:50:17,f74cc5c9-e91e-4a66-b46a-b1ba776019ba,32
2021-01-07 04:25:50,e9834a76-ada7-469e-a2be-43db255d47d4,32
2020-08-04 02:14:37,d983c7ad-569c-4fad-8615-60d746fd4e75,28
2020-07-05 11:18:52,d983c7ad-569c-4fad-8615-60d746fd4e75,41
2020-10-04 04:30:57,e9834a76-ada7-469e-a2be-43db255d47d4,19
2021-01-24 10:50:27,e9859165-1ce2-40bc-85fe-f503a182ec9b,24
2020-10-31 02:15:30,3aed1496-6b23-4b38-8837-c0345864d460,23
2020-11-09 08:55:46,e9859165-1ce2-40bc-85fe-f503a182ec9b,25
2021-03-12 20:46:35,eb97a620-44d5-4e9e-8df8-e9e56aee78f1,18
2020-08-09 03:30:42,61d565e9-64f9-4bf5-b8ef-e6660331dfbc,32
2020-07-18 07:44:12,e9834a76-ada7-469e-a2be-43db255d47d4,30
2021-01-20 08:39:02,d983c7ad-569c-4fad-8615-60d746fd4e75,18
2020-12-07 15:48:45,d983c7ad-569c-4fad-8615-60d746fd4e75,19
2020-06-28 23:55:46,93548b94-5888-4f45-9177-16243e755ee9,22
2020-04-27 09:15:50,e9859165-1ce2-40bc-85fe-f503a182ec9b,21
2020-09-26 08:12:08,d983c7ad-569c-4fad-8615-60d746fd4e75,37
2021-01-02 03:03:57,e9834a76-ada7-469e-a2be-43db255d47d4,18
2021-03-26 02:02:09,d983c7ad-569c-4fad-8615-60d746fd4e75,36
2020-12-15 11:42:35,61d565e9-64f9-4bf5-b8ef-e6660331dfbc,35
2020-10-19 21:38:12,f74cc5c9-e91e-4a66-b46a-b1ba776019ba,17
2020-06-15 04:32:08,be67faae-1f79-45c7-b218-dbeffe1c8ab2,32
2021-03-03 20:20:32,e9859165-1ce2-40bc-85fe-f503a182ec9b,23
2020-06-26 22:20:11,d983c7ad-569c-4fad-8615-60d746fd4e75,34
2020-07-06 07:43:48,f74cc5c9-e91e-4a66-b46a-b1ba776019ba,17
2020-07-04 21:41:09,61d565e9-64f9-4bf5-b8ef-e6660331dfbc,38
2021-02-05 22:43:24,be67faae-1f79-45c7-b218-dbeffe1c8ab2,17
2020-05-23 10:46:11,be67faae-1f79-45c7-b218-dbeffe1c8ab2,18
2021-03-06 16:46:57,e9859165-1ce2-40bc-85fe-f503a182ec9b,23
2020-06-11 19:54:33,93548b94-5888-4f45-9177-16243e755ee9,38
2020-08-18 14:46:33,e9859165-1ce2-40bc-85fe-f503a182ec9b,32
2020-07-30 22:03:06,e9834a76-ada7-469e-a2be-43db255d47d4,18
2021-02-24 10:54:43,e36f14bf-f469-44ef-ada5-5f26887b3e92,36
2020-04-15 18:09:17,eb97a620-44d5-4e9e-8df8-e9e56aee78f1,18
2020-10-12 09:06:49,eb97a620-44d5-4e9e-8df8-e9e56aee78f1,24
2020-07-20 23:24:55,93548b94-5888-4f45-9177-16243e755ee9,30
2021-03-12 13:47:08,be67faae-1f79-45c7-b218-dbeffe1c8ab2,40
2020-05-07 00:41:10,3aed1496-6b23-4b38-8837-c0345864d460,38
2020-05-07 00:18:09,93548b94-5888-4f45-9177-16243e755ee9,28
2020-04-14 16:05:32,eb97a620-44d5-4e9e-8df8-e9e56aee78f1,20
2021-04-10 23:50:08,3aed1496-6b23-4b38-8837-c0345864d460,22
2021-03-16 23:01:45,be67faae-1f79-45c7-b218-dbeffe1c8ab2,16
2021-01-02 12:49:08,3aed1496-6b23-4b38-8837-c0345864d460,29
2020-12-13 19:45:23,e9859165-1ce2-40bc-85fe-f503a182ec9b,41
2021-03-15 12:05:46,eb97a620-44d5-4e9e-8df8-e9e56aee78f1,18
2020-10-28 08:58:14,93548b94-5888-4f45-9177-16243e755ee9,32
2020-04-24 22:40:19,61d565e9-64f9-4bf5-b8ef-e6660331dfbc,38
2020-12-11 09:20:18,e9834a76-ada7-469e-a2be-43db255d47d4,24
2020-07-23 11:15:06,3aed1496-6b23-4b38-8837-c0345864d460,29
2021-01-22 10:41:49,e36f14bf-f469-44ef-ada5-5f26887b3e92,21
2021-03-17 01:52:19,e9834a76-ada7-469e-a2be-43db255d47d4,35
2020-07-09 15:08:56,93548b94-5888-4f45-9177-16243e755ee9,33
2021-03-19 18:00:07,93548b94-5888-4f45-9177-16243e755ee9,35
2020-11-16 11:04:52,d983c7ad-569c-4fad-8615-60d746fd4e75,33
2021-03-26 08:35:07,61d565e9-64f9-4bf5-b8ef-e6660331dfbc,17
2020-07-20 14:15:42,f74cc5c9-e91e-4a66-b46a-b1ba776019ba,32
2020-11-17 14:45:53,3aed1496-6b23-4b38-8837-c0345864d460,40
2021-01-09 03:13:48,3aed1496-6b23-4b38-8837-c0345864d460,18
2020-12-25 18:58:21,d983c7ad-569c-4fad-8615-60d746fd4e75,25
2020-12-18 21:19:04,61d565e9-64f9-4bf5-b8ef-e6660331dfbc,22
2020-10-13 17:42:33,e9834a76-ada7-469e-a2be-43db255d47d4,29
2020-08-02 19:48:53,3aed1496-6b23-4b38-8837-c0345864d460,35
2020-12-03 15:57:53,e9834a76-ada7-469e-a2be-43db255d47d4,40
2020-10-12 07:36:09,be67faae-1f79-45c7-b218-dbeffe1c8ab2,25
2020-06-05 11:52:08,eb97a620-44d5-4e9e-8df8-e9e56aee78f1,22
2021-02-15 10:43:28,f74cc5c9-e91e-4a66-b46a-b1ba776019ba,19
2020-08-25 02:25:41,93548b94-5888-4f45-9177-16243e755ee9,40
2020-04-23 12:10:21,d983c7ad-569c-4fad-8615-60d746fd4e75,20
2020-12-16 19:05:02,e36f14bf-f469-44ef-ada5-5f26887b3e92,41
2020-08-23 14:59:36,e36f14bf-f469-44ef-ada5-5f26887b3e92,33
2021-02-22 16:14:24,d983c7ad-569c-4fad-8615-60d746fd4e75,15
2020-08-11 22:44:19,61d565e9-64f9-4bf5-b8ef-e6660331dfbc,40
2020-11-10 09:02:06,d983c7ad-569c-4fad-8615-60d746fd4e75,20
2020-05-02 11:22:07,d983c7ad-569c-4fad-8615-60d746fd4e75,20
2020-11-02 23:46:02,61d565e9-64f9-4bf5-b8ef-e6660331dfbc,28
2021-02-16 16:07:22,3aed1496-6b23-4b38-8837-c0345864d460,37
2021-02-25 07:27:14,e36f14bf-f469-44ef-ada5-5f26887b3e92,24
2020-08-04 11:24:59,3aed1496-6b23-4b38-8837-c0345864d460,41
2020-10-18 17:56:18,93548b94-5888-4f45-9177-16243e755ee9,15
2020-10-09 23:48:43,e9834a76-ada7-469e-a2be-43db255d47d4,15
2021-02-09 00:03:50,e9859165-1ce2-40bc-85fe-f503a182ec9b,15
2020-08-24 01:44:22,61d565e9-64f9-4bf5-b8ef-e6660331dfbc,18
2020-07-02 23:59:58,d983c7ad-569c-4fad-8615-60d746fd4e75,30
2021-03-13 05:59:06,e9834a76-ada7-469e-a2be-43db255d47d4,24
2020-10-04 19:46:28,e9834a76-ada7-469e-a2be-43db255d47d4,18
2020-06-29 22:56:49,f74cc5c9-e91e-4a66-b46a-b1ba776019ba,18
2020-11-20 09:12:37,3aed1496-6b23-4b38-8837-c0345864d460,33
2021-02-02 03:04:22,d983c7ad-569c-4fad-8615-60d746fd4e75,18
2020-04-28 15:38:22,61d565e9-64f9-4bf5-b8ef-e6660331dfbc,23
2020-08-03 07:22:21,61d565e9-64f9-4bf5-b8ef-e6660331dfbc,22
2020-05-04 17:32:15,e9859165-1ce2-40bc-85fe-f503a182ec9b,26
2020-11-10 03:46:01,e36f14bf-f469-44ef-ada5-5f26887b3e92,19
2020-11-30 02:26:49,3aed1496-6b23-4b38-8837-c0345864d460,32
2020-12-23 10:39:58,f74cc5c9-e91e-4a66-b46a-b1ba776019ba,36
2021-03-12 16:02:40,e36f14bf-f469-44ef-ada5-5f26887b3e92,27
2021-03-21 22:00:09,eb97a620-44d5-4e9e-8df8-e9e56aee78f1,33
2020-09-07 09:58:31,3aed1496-6b23-4b38-8837-c0345864d460,19
2020-11-03 13:17:54,e36f14bf-f469-44ef-ada5-5f26887b3e92,34
2021-03-01 14:26:59,e9834a76-ada7-469e-a2be-43db255d47d4,17
2020-06-14 10:36:07,eb97a620-44d5-4e9e-8df8-e9e56aee78f1,19
2020-10-22 09:49:51,93548b94-5888-4f45-9177-16243e755ee9,24
2020-10-10 15:23:54,61d565e9-64f9-4bf5-b8ef-e6660331dfbc,22
2020-04-30 19:39:48,e9859165-1ce2-40bc-85fe-f503a182ec9b,41
2020-10-22 18:54:45,d983c7ad-569c-4fad-8615-60d746fd4e75,20
2020-06-13 08:59:32,be67faae-1f79-45c7-b218-dbeffe1c8ab2,32
2020-12-10 02:32:33,93548b94-5888-4f45-9177-16243e755ee9,33
2021-03-06 03:03:35,eb97a620-44d5-4e9e-8df8-e9e56aee78f1,28
2021-02-12 21:44:21,eb97a620-44d5-4e9e-8df8-e9e56aee78f1,23
2021-04-03 18:24:40,61d565e9-64f9-4bf5-b8ef-e6660331dfbc,36
2020-08-30 16:28:58,93548b94-5888-4f45-9177-16243e755ee9,19
2021-03-31 12:47:11,3aed1496-6b23-4b38-8837-c0345864d460,16
2020-11-24 06:38:00,d983c7ad-569c-4fad-8615-60d746fd4e75,34
2020-10-21 22:20:07,93548b94-5888-4f45-9177-16243e755ee9,22
2021-01-14 08:10:06,be67faae-1f79-45c7-b218-dbeffe1c8ab2,15
2021-01-07 00:38:55,61d565e9-64f9-4bf5-b8ef-e6660331dfbc,27
2020-05-13 04:41:58,93548b94-5888-4f45-9177-16243e755ee9,16
2020-11-23 02:19:31,e9834a76-ada7-469e-a2be-43db255d47d4,41
2020-12-14 14:59:27,e36f14bf-f469-44ef-ada5-5f26887b3e92,32
2020-08-06 22:24:05,61d565e9-64f9-4bf5-b8ef-e6660331dfbc,19
2020-07-05 22:05:52,3aed1496-6b23-4b38-8837-c0345864d460,22
2020-07-10 16:47:14,f74cc5c9-e91e-4a66-b46a-b1ba776019ba,40
2021-03-25 05:40:09,e9834a76-ada7-469e-a2be-43db255d47d4,40
2021-04-11 11:09:51,f74cc5c9-e91e-4a66-b46a-b1ba776019ba,39
2020-08-01 00:11:53,3aed1496-6b23-4b38-8837-c0345864d460,39
2020-06-03 13:07:31,f74cc5c9-e91e-4a66-b46a-b1ba776019ba,25
2021-02-04 06:21:36,e36f14bf-f469-44ef-ada5-5f26887b3e92,29
2020-05-26 22:54:14,e9859165-1ce2-40bc-85fe-f503a182ec9b,33
2021-02-27 01:21:44,93548b94-5888-4f45-9177-16243e755ee9,23
2020-10-10 08:42:00,d983c7ad-569c-4fad-8615-60d746fd4e75,35
2020-08-04 01:50:13,d983c7ad-569c-4fad-8615-60d746fd4e75,40
2020-07-01 09:29:53,f74cc5c9-e91e-4a66-b46a-b1ba776019ba,38
2020-09-04 02:13:36,d983c7ad-569c-4fad-8615-60d746fd4e75,20
2020-10-16 21:58:17,f74cc5c9-e91e-4a66-b46a-b1ba776019ba,40
2021-01-15 22:17:33,f74cc5c9-e91e-4a66-b46a-b1ba776019ba,27
2020-07-04 20:47:29,d983c7ad-569c-4fad-8615-60d746fd4e75,38
2020-04-20 07:45:07,e36f14bf-f469-44ef-ada5-5f26887b3e92,29
2021-04-05 00:35:45,e36f14bf-f469-44ef-ada5-5f26887b3e92,41
2021-04-06 00:13:09,e9834a76-ada7-469e-a2be-43db255d47d4,16
2021-02-01 03:44:18,d983c7ad-569c-4fad-8615-60d746fd4e75,15
2020-11-10 19:51:13,e36f14bf-f469-44ef-ada5-5f26887b3e92,40
2020-04-15 17:33:58,e36f14bf-f469-44ef-ada5-5f26887b3e92,38
2021-03-19 21:46:16,e9834a76-ada7-469e-a2be-43db255d47d4,27
2020-10-11 09:14:08,e9859165-1ce2-40bc-85fe-f503a182ec9b,41
2020-09-15 19:44:30,e9834a76-ada7-469e-a2be-43db255d47d4,41
2020-12-13 11:42:40,eb97a620-44d5-4e9e-8df8-e9e56aee78f1,24
2021-01-27 05:38:51,be67faae-1f79-45c7-b218-dbeffe1c8ab2,27
2020-11-18 10:55:01,e9859165-1ce2-40bc-85fe-f503a182ec9b,21
2020-04-26 14:27:10,93548b94-5888-4f45-9177-16243e755ee9,22
2020-11-28 03:23:36,be67faae-1f79-45c7-b218-dbeffe1c8ab2,20
2020-10-16 04:19:13,eb97a620-44d5-4e9e-8df8-e9e56aee78f1,39
2020-05-24 01:51:41,93548b94-5888-4f45-9177-16243e755ee9,37
2020-07-17 17:14:48,d983c7ad-569c-4fad-8615-60d746fd4e75,34
2020-06-11 02:56:46,eb97a620-44d5-4e9e-8df8-e9e56aee78f1,35
2020-09-24 05:57:08,3aed1496-6b23-4b38-8837-c0345864d460,38
2020-08-30 08:08:51,e36f14bf-f469-44ef-ada5-5f26887b3e92,33
2021-03-05 08:46:20,93548b94-5888-4f45-9177-16243e755ee9,38
2020-09-13 16:00:43,f74cc5c9-e91e-4a66-b46a-b1ba776019ba,26
2020-06-15 16:34:41,e9834a76-ada7-469e-a2be-43db255d47d4,32
2020-04-20 09:07:06,93548b94-5888-4f45-9177-16243e755ee9,19
2020-11-22 20:40:29,eb97a620-44d5-4e9e-8df8-e9e56aee78f1,29
2021-03-20 13:28:46,f74cc5c9-e91e-4a66-b46a-b1ba776019ba,27
2020-06-23 19:18:38,be67faae-1f79-45c7-b218-dbeffe1c8ab2,23
2020-06-04 15:19:57,e36f14bf-f469-44ef-ada5-5f26887b3e92,20
2021-02-05 01:38:09,e36f14bf-f469-44ef-ada5-5f26887b3e92,32
2020-07-17 08:41:41,3aed1496-6b23-4b38-8837-c0345864d460,28
2021-01-15 16:00:00,61d565e9-64f9-4bf5-b8ef-e6660331dfbc,28
2021-04-11 09:17:22,e9834a76-ada7-469e-a2be-43db255d47d4,36
2020-07-11 01:45:48,3aed1496-6b23-4b38-8837-c0345864d460,18
2020-10-04 04:52:36,e36f14bf-f469-44ef-ada5-5f26887b3e92,34
2020-07-01 01:42:14,e9859165-1ce2-40bc-85fe-f503a182ec9b,26
2021-01-25 05:28:41,d983c7ad-569c-4fad-8615-60d746fd4e75,27
2020-10-20 11:06:30,3aed1496-6b23-4b38-8837-c0345864d460,20
2020-10-27 08:34:34,e9834a76-ada7-469e-a2be-43db255d47d4,15
2020-09-06 14:33:21,61d565e9-64f9-4bf5-b8ef-e6660331dfbc,23
2020-10-07 00:21:46,e36f14bf-f469-44ef-ada5-5f26887b3e92,26
2021-02-23 04:12:24,e36f14bf-f469-44ef-ada5-5f26887b3e92,37
2020-08-12 12:57:06,eb97a620-44d5-4e9e-8df8-e9e56aee78f1,41
2020-08-06 22:48:46,be67faae-1f79-45c7-b218-dbeffe1c8ab2,25
2020-09-28 22:45:21,e9834a76-ada7-469e-a2be-43db255d47d4,33
2021-02-25 08:12:16,93548b94-5888-4f45-9177-16243e755ee9,32
2021-02-26 06:07:34,3aed1496-6b23-4b38-8837-c0345864d460,31
2021-03-05 20:15:07,e36f14bf-f469-44ef-ada5-5f26887b3e92,23
2020-06-21 10:39:05,f74cc5c9-e91e-4a66-b46a-b1ba776019ba,23
2021-02-01 22:05:13,e36f14bf-f469-44ef-ada5-5f26887b3e92,21
2020-08-10 05:43:03,eb97a620-44d5-4e9e-8df8-e9e56aee78f1,26
2020-11-06 15:11:49,f74cc5c9-e91e-4a66-b46a-b1ba776019ba,38
2020-04-17 21:12:47,f74cc5c9-e91e-4a66-b46a-b1ba776019ba,40
2021-03-25 02:18:33,3aed1496-6b23-4b38-8837-c0345864d460,27
2020-05-11 14:47:58,e36f14bf-f469-44ef-ada5-5f26887b3e92,34
2020-10-19 14:01:35,e9859165-1ce2-40bc-85fe-f503a182ec9b,22
2020-07-18 05:41:44,be67faae-1f79-45c7-b218-dbeffe1c8ab2,23
2020-08-07 20:08:05,eb97a620-44d5-4e9e-8df8-e9e56aee78f1,31
2020-08-07 14:57:06,e9834a76-ada7-469e-a2be-43db255d47d4,28
2020-11-29 15:29:32,e36f14bf-f469-44ef-ada5-5f26887b3e92,40
2020-11-22 21:01:24,d983c7ad-569c-4fad-8615-60d746fd4e75,37
2020-12-09 02:18:48,e9859165-1ce2-40bc-85fe-f503a182ec9b,25
2020-05-30 02:05:07,be67faae-1f79-45c7-b218-dbeffe1c8ab2,21
2020-11-13 14:31:31,f74cc5c9-e91e-4a66-b46a-b1ba776019ba,15
2020-11-04 21:10:08,eb97a620-44d5-4e9e-8df8-e9e56aee78f1,18
2020-07-02 22:10:23,be67faae-1f79-45c7-b218-dbeffe1c8ab2,15
2020-12-23 00:24:03,d983c7ad-569c-4fad-8615-60d746fd4e75,19
2020-04-14 20:54:19,e36f14bf-f469-44ef-ada5-5f26887b3e92,31
2021-02-27 12:24:35,f74cc5c9-e91e-4a66-b46a-b1ba776019ba,23
2020-04-30 13:24:23,93548b94-5888-4f45-9177-16243e755ee9,28
2021-01-13 16:33:24,3aed1496-6b23-4b38-8837-c0345864d460,23
2020-08-03 06:38:29,e9859165-1ce2-40bc-85fe-f503a182ec9b,22
2020-04-22 16:35:43,e36f14bf-f469-44ef-ada5-5f26887b3e92,37
2020-12-29 14:45:14,3aed1496-6b23-4b38-8837-c0345864d460,28
2021-02-23 20:44:05,e9834a76-ada7-469e-a2be-43db255d47d4,35
2020-06-27 08:34:56,61d565e9-64f9-4bf5-b8ef-e6660331dfbc,31
2020-10-04 06:41:49,e9859165-1ce2-40bc-85fe-f503a182ec9b,27
2020-09-10 19:48:01,eb97a620-44d5-4e9e-8df8-e9e56aee78f1,15
2020-10-06 21:15:54,e36f14bf-f469-44ef-ada5-5f26887b3e92,35
2020-06-19 22:34:34,e9834a76-ada7-469e-a2be-43db255d47d4,27
2021-02-26 20:21:23,e36f14bf-f469-44ef-ada5-5f26887b3e92,17
2021-01-11 02:32:11,61d565e9-64f9-4bf5-b8ef-e6660331dfbc,41
2020-05-25 13:35:47,3aed1496-6b23-4b38-8837-c0345864d460,32
2021-02-10 21:04:12,d983c7ad-569c-4fad-8615-60d746fd4e75,29
2021-04-01 19:48:58,e9834a76-ada7-469e-a2be-43db255d47d4,36
2020-10-12 11:17:01,eb97a620-44d5-4e9e-8df8-e9e56aee78f1,38
2021-01-07 18:48:47,e36f14bf-f469-44ef-ada5-5f26887b3e92,41
2020-12-15 05:34:58,f74cc5c9-e91e-4a66-b46a-b1ba776019ba,18
2020-07-17 01:28:25,f74cc5c9-e91e-4a66-b46a-b1ba776019ba,24
2020-09-01 18:29:27,e9834a76-ada7-469e-a2be-43db255d47d4,19
2020-05-21 03:13:32,3aed1496-6b23-4b38-8837-c0345864d460,15
2020-05-30 22:53:23,f74cc5c9-e91e-4a66-b46a-b1ba776019ba,25
2020-08-09 14:19:23,e9834a76-ada7-469e-a2be-43db255d47d4,23
2021-01-15 12:36:04,e9834a76-ada7-469e-a2be-43db255d47d4,32
2020-04-14 23:52:21,d983c7ad-569c-4fad-8615-60d746fd4e75,15
2020-10-19 09:01:36,e9859165-1ce2-40bc-85fe-f503a182ec9b,36
2021-03-09 20:14:05,e36f14bf-f469-44ef-ada5-5f26887b3e92,40
2020-06-15 23:47:40,e9834a76-ada7-469e-a2be-43db255d47d4,24
2021-01-12 14:22:03,93548b94-5888-4f45-9177-16243e755ee9,30
2020-09-29 06:30:55,e9834a76-ada7-469e-a2be-43db255d47d4,33
2020-05-08 22:11:34,d983c7ad-569c-4fad-8615-60d746fd4e75,31
2020-06-19 00:13:09,3aed1496-6b23-4b38-8837-c0345864d460,24
2020-06-22 04:44:15,e9859165-1ce2-40bc-85fe-f503a182ec9b,28
2020-07-05 20:58:32,3aed1496-6b23-4b38-8837-c0345864d460,38
2020-11-26 08:26:02,eb97a620-44d5-4e9e-8df8-e9e56aee78f1,25
2020-11-29 07:50:21,3aed1496-6b23-4b38-8837-c0345864d460,30
2020-07-26 22:27:19,f74cc5c9-e91e-4a66-b46a-b1ba776019ba,22
2021-01-18 14:07:28,be67faae-1f79-45c7-b218-dbeffe1c8ab2,37
2021-03-12 00:21:58,e36f14bf-f469-44ef-ada5-5f26887b3e92,20
2020-05-22 20:18:49,93548b94-5888-4f45-9177-16243e755ee9,21
2020-04-28 14:42:44,3aed1496-6b23-4b38-8837-c0345864d460,35
2021-04-09 14:06:04,e36f14bf-f469-44ef-ada5-5f26887b3e92,33
2021-02-25 14:43:54,d983c7ad-569c-4fad-8615-60d746fd4e75,15
2020-06-03 13:06:56,eb97a620-44d5-4e9e-8df8-e9e56aee78f1,40
2020-08-27 02:41:54,be67faae-1f79-45c7-b218-dbeffe1c8ab2,16
2020-06-02 04:48:22,be67faae-1f79-45c7-b218-dbeffe1c8ab2,36
2020-07-04 14:16:56,f74cc5c9-e91e-4a66-b46a-b1ba776019ba,40
2020-06-26 21:28:39,93548b94-5888-4f45-9177-16243e755ee9,39
2021-03-12 01:35:54,93548b94-5888-4f45-9177-16243e755ee9,38
2020-09-26 08:28:53,e9859165-1ce2-40bc-85fe-f503a182ec9b,23
2021-03-09 13:47:30,e9859165-1ce2-40bc-85fe-f503a182ec9b,20
2020-08-09 19:09:00,e9834a76-ada7-469e-a2be-43db255d47d4,22
2020-05-29 19:25:36,93548b94-5888-4f45-9177-16243e755ee9,22
2020-12-13 22:56:18,3aed1496-6b23-4b38-8837-c0345864d460,16
2020-05-07 15:45:27,be67faae-1f79-45c7-b218-dbeffe1c8ab2,34
2020-12-18 16:27:34,f74cc5c9-e91e-4a66-b46a-b1ba776019ba,35
2020-12-06 07:39:39,93548b94-5888-4f45-9177-16243e755ee9,34
2020-07-21 01:21:19,61d565e9-64f9-4bf5-b8ef-e6660331dfbc,21
2021-03-14 03:10:17,be67faae-1f79-45c7-b218-dbeffe1c8ab2,37
2020-08-22 01:25:19,f74cc5c9-e91e-4a66-b46a-b1ba776019ba,17
2020-12-07 08:20:25,e9859165-1ce2-40bc-85fe-f503a182ec9b,25
2020-10-07 16:13:36,f74cc5c9-e91e-4a66-b46a-b1ba776019ba,22
2020-08-28 10:39:06,e9859165-1ce2-40bc-85fe-f503a182ec9b,22
2021-03-31 11:31:24,e9859165-1ce2-40bc-85fe-f503a182ec9b,15
2020-11-30 08:49:05,3aed1496-6b23-4b38-8837-c0345864d460,25
2021-01-28 21:32:43,eb97a620-44d5-4e9e-8df8-e9e56aee78f1,35
2020-12-13 16:49:50,e9834a76-ada7-469e-a2be-43db255d47d4,33
2020-07-23 03:42:24,eb97a620-44d5-4e9e-8df8-e9e56aee78f1,37
2020-11-05 04:28:57,d983c7ad-569c-4fad-8615-60d746fd4e75,29
2020-09-03 18:36:16,e9859165-1ce2-40bc-85fe-f503a182ec9b,17
2020-05-18 09:03:59,eb97a620-44d5-4e9e-8df8-e9e56aee78f1,32
2020-10-01 13:27:37,be67faae-1f79-45c7-b218-dbeffe1c8ab2,16
2020-07-06 19:37:13,e9859165-1ce2-40bc-85fe-f503a182ec9b,27
2020-05-08 10:45:56,93548b94-5888-4f45-9177-16243e755ee9,18
2021-02-03 10:01:48,93548b94-5888-4f45-9177-16243e755ee9,31
2020-07-30 06:34:23,eb97a620-44d5-4e9e-8df8-e9e56aee78f1,40
2020-05-25 11:48:15,61d565e9-64f9-4bf5-b8ef-e6660331dfbc,27
2020-07-01 20:31:12,d983c7ad-569c-4fad-8615-60d746fd4e75,20
2020-05-12 15:28:14,f74cc5c9-e91e-4a66-b46a-b1ba776019ba,15
2021-03-16 09:28:16,d983c7ad-569c-4fad-8615-60d746fd4e75,38
2020-06-18 21:29:30,93548b94-5888-4f45-9177-16243e755ee9,23
2020-07-29 10:06:12,be67faae-1f79-45c7-b218-dbeffe1c8ab2,30
2020-12-30 08:15:30,e9859165-1ce2-40bc-85fe-f503a182ec9b,29
2020-08-16 15:42:39,61d565e9-64f9-4bf5-b8ef-e6660331dfbc,34
2020-05-17 10:55:12,d983c7ad-569c-4fad-8615-60d746fd4e75,18
2020-11-21 11:18:31,e9859165-1ce2-40bc-85fe-f503a182ec9b,16
2020-10-11 10:31:33,eb97a620-44d5-4e9e-8df8-e9e56aee78f1,34
2020-09-28 15:57:06,93548b94-5888-4f45-9177-16243e755ee9,32
2020-08-22 01:49:06,eb97a620-44d5-4e9e-8df8-e9e56aee78f1,20
2021-03-18 19:27:11,e9859165-1ce2-40bc-85fe-f503a182ec9b,25
2020-07-09 09:34:07,be67faae-1f79-45c7-b218-dbeffe1c8ab2,22
2020-08-10 15:50:27,93548b94-5888-4f45-9177-16243e755ee9,25
2021-02-04 06:18:44,be67faae-1f79-45c7-b218-dbeffe1c8ab2,39
2021-01-09 16:44:15,3aed1496-6b23-4b38-8837-c0345864d460,29
2020-08-02 10:30:01,f74cc5c9-e91e-4a66-b46a-b1ba776019ba,39
2020-09-12 02:31:42,61d565e9-64f9-4bf5-b8ef-e6660331dfbc,27
2020-07-25 02:16:52,d983c7ad-569c-4fad-8615-60d746fd4e75,36
2020-06-25 06:30:19,e36f14bf-f469-44ef-ada5-5f26887b3e92,31
2021-03-10 21:04:32,61d565e9-64f9-4bf5-b8ef-e6660331dfbc,22
2020-11-09 10:38:07,eb97a620-44d5-4e9e-8df8-e9e56aee78f1,33
2021-04-01 02:03:54,3aed1496-6b23-4b38-8837-c0345864d460,33
2021-04-05 13:45:07,61d565e9-64f9-4bf5-b8ef-e6660331dfbc,41
2020-08-25 23:38:28,eb97a620-44d5-4e9e-8df8-e9e56aee78f1,39
2021-01-14 10:59:34,e9834a76-ada7-469e-a2be-43db255d47d4,37
2020-09-16 04:48:38,61d565e9-64f9-4bf5-b8ef-e6660331dfbc,35
2020-06-27 02:08:07,d983c7ad-569c-4fad-8615-60d746fd4e75,32
2020-05-01 05:17:47,e9859165-1ce2-40bc-85fe-f503a182ec9b,17
2020-11-20 15:12:51,be67faae-1f79-45c7-b218-dbeffe1c8ab2,21
2020-06-14 02:55:05,61d565e9-64f9-4bf5-b8ef-e6660331dfbc,22
2021-03-19 23:47:31,93548b94-5888-4f45-9177-16243e755ee9,26
2021-04-12 14:15:44,f74cc5c9-e91e-4a66-b46a-b1ba776019ba,29
2020-04-16 10:16:57,e9859165-1ce2-40bc-85fe-f503a182ec9b,37
2021-01-29 00:52:59,3aed1496-6b23-4b38-8837-c0345864d460,39
2020-11-05 12:08:19,93548b94-5888-4f45-9177-16243e755ee9,34
2021-03-25 10:20:49,61d565e9-64f9-4bf5-b8ef-e6660331dfbc,37
2021-03-04 21:34:12,61d565e9-64f9-4bf5-b8ef-e6660331dfbc,22
2020-07-15 03:21:37,e9859165-1ce2-40bc-85fe-f503a182ec9b,41
2020-09-10 08:15:03,d983c7ad-569c-4fad-8615-60d746fd4e75,31
2021-03-23 15:04:43,f74cc5c9-e91e-4a66-b46a-b1ba776019ba,29
2021-02-07 11:20:24,e9834a76-ada7-469e-a2be-43db255d47d4,32
2020-08-05 22:52:35,eb97a620-44d5-4e9e-8df8-e9e56aee78f1,40
2020-11-05 17:32:49,e9834a76-ada7-469e-a2be-43db255d47d4,29
2021-03-24 14:57:48,f74cc5c9-e91e-4a66-b46a-b1ba776019ba,41
2020-10-06 03:55:38,e9859165-1ce2-40bc-85fe-f503a182ec9b,37
2021-02-26 02:50:08,e9859165-1ce2-40bc-85fe-f503a182ec9b,17
2020-05-02 07:09:32,d983c7ad-569c-4fad-8615-60d746fd4e75,27
2020-05-30 06:11:25,d983c7ad-569c-4fad-8615-60d746fd4e75,18
2020-07-17 16:52:12,61d565e9-64f9-4bf5-b8ef-e6660331dfbc,32
2021-03-29 09:13:20,d983c7ad-569c-4fad-8615-60d746fd4e75,29
2020-10-06 11:14:53,e9859165-1ce2-40bc-85fe-f503a182ec9b,32
2020-07-25 10:13:18,eb97a620-44d5-4e9e-8df8-e9e56aee78f1,39
2020-07-18 03:26:11,93548b94-5888-4f45-9177-16243e755ee9,29
2020-09-24 11:25:29,61d565e9-64f9-4bf5-b8ef-e6660331dfbc,38
2020-09-23 03:37:07,be67faae-1f79-45c7-b218-dbeffe1c8ab2,38
2021-03-10 13:02:36,3aed1496-6b23-4b38-8837-c0345864d460,41
2021-01-13 21:49:32,e36f14bf-f469-44ef-ada5-5f26887b3e92,41
2021-03-14 23:08:37,93548b94-5888-4f45-9177-16243e755ee9,31
2020-08-29 08:47:27,be67faae-1f79-45c7-b218-dbeffe1c8ab2,31
2021-03-09 06:27:52,93548b94-5888-4f45-9177-16243e755ee9,17
2020-12-06 00:27:59,3aed1496-6b23-4b38-8837-c0345864d460,21
2020-08-13 17:47:46,93548b94-5888-4f45-9177-16243e755ee9,17
2020-09-02 01:52:27,eb97a620-44d5-4e9e-8df8-e9e56aee78f1,32
2021-04-02 10:20:01,3aed1496-6b23-4b38-8837-c0345864d460,15
2020-09-09 01:55:25,93548b94-5888-4f45-9177-16243e755ee9,25
2020-04-16 15:23:19,e9834a76-ada7-469e-a2be-43db255d47d4,36
2020-04-28 21:30:54,e36f14bf-f469-44ef-ada5-5f26887b3e92,16
2020-04-21 04:47:40,eb97a620-44d5-4e9e-8df8-e9e56aee78f1,15
2020-07-10 23:23:17,f74cc5c9-e91e-4a66-b46a-b1ba776019ba,24
2020-10-23 02:52:22,f74cc5c9-e91e-4a66-b46a-b1ba776019ba,15
2020-09-23 16:47:10,3aed1496-6b23-4b38-8837-c0345864d460,28
2020-09-17 05:24:19,e36f14bf-f469-44ef-ada5-5f26887b3e92,38
2020-11-30 09:52:13,f74cc5c9-e91e-4a66-b46a-b1ba776019ba,37
2021-01-17 21:01:59,e36f14bf-f469-44ef-ada5-5f26887b3e92,15
2021-01-21 13:48:29,be67faae-1f79-45c7-b218-dbeffe1c8ab2,18
2020-06-09 20:48:26,eb97a620-44d5-4e9e-8df8-e9e56aee78f1,32
2021-01-28 18:47:13,eb97a620-44d5-4e9e-8df8-e9e56aee78f1,36
2021-03-20 20:26:44,93548b94-5888-4f45-9177-16243e755ee9,29
2020-04-26 09:45:55,61d565e9-64f9-4bf5-b8ef-e6660331dfbc,34
2020-06-19 21:23:21,e36f14bf-f469-44ef-ada5-5f26887b3e92,17
2021-02-07 06:39:13,93548b94-5888-4f45-9177-16243e755ee9,30
2020-06-06 00:29:39,e9834a76-ada7-469e-a2be-43db255d47d4,34
2020-12-22 21:19:22,e9834a76-ada7-469e-a2be-43db255d47d4,25
2021-02-25 17:47:27,93548b94-5888-4f45-9177-16243e755ee9,39
2020-07-17 14:29:17,be67faae-1f79-45c7-b218-dbeffe1c8ab2,22
2020-09-30 22:06:58,93548b94-5888-4f45-9177-16243e755ee9,34
2020-07-14 22:30:36,e9859165-1ce2-40bc-85fe-f503a182ec9b,39
2020-11-16 10:14:00,e9859165-1ce2-40bc-85fe-f503a182ec9b,28
2021-03-31 13:27:55,e9859165-1ce2-40bc-85fe-f503a182ec9b,24
2020-08-28 06:17:39,3aed1496-6b23-4b38-8837-c0345864d460,33
2020-08-04 18:44:05,61d565e9-64f9-4bf5-b8ef-e6660331dfbc,21
2020-09-02 21:51:29,61d565e9-64f9-4bf5-b8ef-e6660331dfbc,22
2021-04-10 16:03:35,eb97a620-44d5-4e9e-8df8-e9e56aee78f1,17
2020-06-06 14:56:52,e9834a76-ada7-469e-a2be-43db255d47d4,36
2020-07-29 19:23:45,e9834a76-ada7-469e-a2be-43db255d47d4,40
2020-04-30 13:42:11,be67faae-1f79-45c7-b218-dbeffe1c8ab2,18
2020-08-11 11:12:32,f74cc5c9-e91e-4a66-b46a-b1ba776019ba,33
2020-12-31 19:16:48,3aed1496-6b23-4b38-8837-c0345864d460,36
2020-05-27 18:02:03,e9859165-1ce2-40bc-85fe-f503a182ec9b,15
2021-03-14 15:21:22,f74cc5c9-e91e-4a66-b46a-b1ba776019ba,29
2020-10-13 21:32:40,e9834a76-ada7-469e-a2be-43db255d47d4,38
2020-05-05 05:49:28,be67faae-1f79-45c7-b218-dbeffe1c8ab2,25
2020-07-17 16:39:05,e9859165-1ce2-40bc-85fe-f503a182ec9b,33
2021-04-05 20:12:31,93548b94-5888-4f45-9177-16243e755ee9,33
2020-06-18 19:54:48,eb97a620-44d5-4e9e-8df8-e9e56aee78f1,22
2021-01-01 20:45:24,f74cc5c9-e91e-4a66-b46a-b1ba776019ba,18
2020-04-25 05:17:33,61d565e9-64f9-4bf5-b8ef-e6660331dfbc,22
2021-02-20 21:44:23,e9834a76-ada7-469e-a2be-43db255d47d4,19
2020-10-20 09:46:34,93548b94-5888-4f45-9177-16243e755ee9,16
2020-10-02 05:36:37,f74cc5c9-e91e-4a66-b46a-b1ba776019ba,17
2020-06-12 02:16:58,f74cc5c9-e91e-4a66-b46a-b1ba776019ba,23
2020-05-08 00:07:18,e9834a76-ada7-469e-a2be-43db255d47d4,37
2020-08-20 11:26:57,eb97a620-44d5-4e9e-8df8-e9e56aee78f1,37
2020-06-26 06:32:52,3aed1496-6b23-4b38-8837-c0345864d460,22
2020-06-07 09:41:59,f74cc5c9-e91e-4a66-b46a-b1ba776019ba,25
2020-10-08 16:09:05,93548b94-5888-4f45-9177-16243e755ee9,30
2020-08-19 22:38:54,93548b94-5888-4f45-9177-16243e755ee9,26
2020-12-19 22:13:45,d983c7ad-569c-4fad-8615-60d746fd4e75,30
2020-12-18 03:43:19,61d565e9-64f9-4bf5-b8ef-e6660331dfbc,35
2020-05-10 14:13:01,93548b94-5888-4f45-9177-16243e755ee9,15
2021-01-07 16:13:57,e36f14bf-f469-44ef-ada5-5f26887b3e92,39
2021-01-09 11:54:49,3aed1496-6b23-4b38-8837-c0345864d460,29
2021-03-20 04:11:28,be67faae-1f79-45c7-b218-dbeffe1c8ab2,23
2020-12-26 09:00:49,61d565e9-64f9-4bf5-b8ef-e6660331dfbc,18
2020-11-20 11:24:11,be67faae-1f79-45c7-b218-dbeffe1c8ab2,36
2021-02-14 17:44:03,e9834a76-ada7-469e-a2be-43db255d47d4,23
2021-02-28 20:43:46,e9834a76-ada7-469e-a2be-43db255d47d4,17
2020-11-25 03:17:55,d983c7ad-569c-4fad-8615-60d746fd4e75,18
2020-05-11 14:25:22,e36f14bf-f469-44ef-ada5-5f26887b3e92,31
2021-04-02 04:32:17,e9834a76-ada7-469e-a2be-43db255d47d4,15
2021-04-01 23:56:35,eb97a620-44d5-4e9e-8df8-e9e56aee78f1,25
2020-12-16 09:52:22,d983c7ad-569c-4fad-8615-60d746fd4e75,31
2020-12-04 23:02:04,be67faae-1f79-45c7-b218-dbeffe1c8ab2,35
2020-08-06 00:10:44,f74cc5c9-e91e-4a66-b46a-b1ba776019ba,35
2021-04-01 19:22:51,e9859165-1ce2-40bc-85fe-f503a182ec9b,32
2020-09-12 14:49:58,d983c7ad-569c-4fad-8615-60d746fd4e75,39
2021-01-04 07:16:39,3aed1496-6b23-4b38-8837-c0345864d460,21
2020-09-08 05:24:10,61d565e9-64f9-4bf5-b8ef-e6660331dfbc,29
2020-07-12 16:59:35,61d565e9-64f9-4bf5-b8ef-e6660331dfbc,36
2021-03-21 15:10:21,3aed1496-6b23-4b38-8837-c0345864d460,38
2021-01-28 03:35:47,61d565e9-64f9-4bf5-b8ef-e6660331dfbc,22
2021-02-07 01:29:26,be67faae-1f79-45c7-b218-dbeffe1c8ab2,24
2021-02-15 14:49:03,61d565e9-64f9-4bf5-b8ef-e6660331dfbc,31
2021-03-19 03:10:49,93548b94-5888-4f45-9177-16243e755ee9,19
2020-12-27 02:21:12,e9834a76-ada7-469e-a2be-43db255d47d4,41
2021-01-15 12:06:08,93548b94-5888-4f45-9177-16243e755ee9,25
2021-01-06 06:59:30,e9834a76-ada7-469e-a2be-43db255d47d4,40
2020-06-18 20:09:36,e9859165-1ce2-40bc-85fe-f503a182ec9b,25
2021-02-03 06:17:22,e9834a76-ada7-469e-a2be-43db255d47d4,19
2020-08-22 22:17:00,be67faae-1f79-45c7-b218-dbeffe1c8ab2,34
2021-01-12 06:49:57,3aed1496-6b23-4b38-8837-c0345864d460,16
2020-07-15 20:52:11,61d565e9-64f9-4bf5-b8ef-e6660331dfbc,31
2021-04-07 00:38:50,e36f14bf-f469-44ef-ada5-5f26887b3e92,25
2021-02-19 17:22:32,be67faae-1f79-45c7-b218-dbeffe1c8ab2,38
2020-09-28 19:49:37,61d565e9-64f9-4bf5-b8ef-e6660331dfbc,41
2020-09-21 17:20:07,e9859165-1ce2-40bc-85fe-f503a182ec9b,22
2021-01-27 14:11:37,f74cc5c9-e91e-4a66-b46a-b1ba776019ba,18
2020-06-14 16:00:03,d983c7ad-569c-4fad-8615-60d746fd4e75,36
2020-10-25 04:54:15,f74cc5c9-e91e-4a66-b46a-b1ba776019ba,15
2021-02-14 05:53:43,61d565e9-64f9-4bf5-b8ef-e6660331dfbc,25
2020-04-27 13:21:53,3aed1496-6b23-4b38-8837-c0345864d460,17
2020-05-30 09:41:09,e9834a76-ada7-469e-a2be-43db255d47d4,29
2020-09-30 03:38:23,61d565e9-64f9-4bf5-b8ef-e6660331dfbc,39
2020-11-23 11:37:32,93548b94-5888-4f45-9177-16243e755ee9,38
2020-06-15 02:54:26,be67faae-1f79-45c7-b218-dbeffe1c8ab2,19
2020-09-27 13:59:54,d983c7ad-569c-4fad-8615-60d746fd4e75,25
2020-12-13 02:04:54,e9834a76-ada7-469e-a2be-43db255d47d4,28
2021-02-10 11:33:43,eb97a620-44d5-4e9e-8df8-e9e56aee78f1,16
2021-03-29 15:58:02,3aed1496-6b23-4b38-8837-c0345864d460,32
2020-12-30 11:16:52,f74cc5c9-e91e-4a66-b46a-b1ba776019ba,26
2020-04-26 06:18:41,be67faae-1f79-45c7-b218-dbeffe1c8ab2,31
2020-08-27 02:24:24,e9834a76-ada7-469e-a2be-43db255d47d4,30
2021-01-03 19:53:41,eb97a620-44d5-4e9e-8df8-e9e56aee78f1,32
2020-06-25 09:43:17,e9859165-1ce2-40bc-85fe-f503a182ec9b,41
2021-02-12 01:32:51,d983c7ad-569c-4fad-8615-60d746fd4e75,38
2021-01-11 18:01:10,3aed1496-6b23-4b38-8837-c0345864d460,23
2020-06-01 12:50:49,e9834a76-ada7-469e-a2be-43db255d47d4,38
2020-08-14 01:02:10,93548b94-5888-4f45-9177-16243e755ee9,34
2020-06-17 16:34:29,3aed1496-6b23-4b38-8837-c0345864d460,30
2020-10-18 23:27:06,e9834a76-ada7-469e-a2be-43db255d47d4,21
2020-06-21 12:54:06,f74cc5c9-e91e-4a66-b46a-b1ba776019ba,30
2020-04-28 04:16:25,f74cc5c9-e91e-4a66-b46a-b1ba776019ba,24
2020-10-21 11:16:50,61d565e9-64f9-4bf5-b8ef-e6660331dfbc,18
2020-11-05 20:21:40,eb97a620-44d5-4e9e-8df8-e9e56aee78f1,37
2020-06-21 02:39:53,f74cc5c9-e91e-4a66-b46a-b1ba776019ba,37
2020-05-01 00:04:26,be67faae-1f79-45c7-b218-dbeffe1c8ab2,31
2021-01-20 07:39:34,61d565e9-64f9-4bf5-b8ef-e6660331dfbc,17
2020-05-31 07:29:26,f74cc5c9-e91e-4a66-b46a-b1ba776019ba,28
2020-12-14 15:16:00,93548b94-5888-4f45-9177-16243e755ee9,24
2020-09-15 00:17:18,eb97a620-44d5-4e9e-8df8-e9e56aee78f1,18
2020-09-03 10:02:01,61d565e9-64f9-4bf5-b8ef-e6660331dfbc,17
2020-09-04 05:42:26,eb97a620-44d5-4e9e-8df8-e9e56aee78f1,38
2021-03-15 04:04:11,be67faae-1f79-45c7-b218-dbeffe1c8ab2,33
2020-06-04 05:20:07,f74cc5c9-e91e-4a66-b46a-b1ba776019ba,39
2021-01-24 16:23:55,e9859165-1ce2-40bc-85fe-f503a182ec9b,26
2020-06-22 01:07:44,eb97a620-44d5-4e9e-8df8-e9e56aee78f1,35
2021-03-26 10:59:22,f74cc5c9-e91e-4a66-b46a-b1ba776019ba,30
2020-11-13 01:53:53,f74cc5c9-e91e-4a66-b46a-b1ba776019ba,33
2021-03-04 21:16:39,3aed1496-6b23-4b38-8837-c0345864d460,26
2020-07-02 07:36:39,be67faae-1f79-45c7-b218-dbeffe1c8ab2,40
2020-06-23 21:33:55,e9859165-1ce2-40bc-85fe-f503a182ec9b,23
2020-05-24 13:53:50,e9834a76-ada7-469e-a2be-43db255d47d4,39
2021-03-13 16:09:34,be67faae-1f79-45c7-b218-dbeffe1c8ab2,34
2020-06-04 03:40:29,eb97a620-44d5-4e9e-8df8-e9e56aee78f1,19
2021-03-30 02:28:28,3aed1496-6b23-4b38-8837-c0345864d460,38
2021-02-18 21:38:35,d983c7ad-569c-4fad-8615-60d746fd4e75,16
2020-12-17 01:33:46,d983c7ad-569c-4fad-8615-60d746fd4e75,38
2021-01-07 01:46:00,e9859165-1ce2-40bc-85fe-f503a182ec9b,30
2021-04-09 21:48:44,3aed1496-6b23-4b38-8837-c0345864d460,38
2020-04-26 02:29:49,be67faae-1f79-45c7-b218-dbeffe1c8ab2,24
2020-08-09 18:06:38,61d565e9-64f9-4bf5-b8ef-e6660331dfbc,28
2021-03-18 12:41:04,eb97a620-44d5-4e9e-8df8-e9e56aee78f1,38
2020-05-25 11:09:04,d983c7ad-569c-4fad-8615-60d746fd4e75,38
2020-06-19 20:29:50,be67faae-1f79-45c7-b218-dbeffe1c8ab2,23
2020-06-01 08:46:00,eb97a620-44d5-4e9e-8df8-e9e56aee78f1,16
2021-02-15 08:16:47,f74cc5c9-e91e-4a66-b46a-b1ba776019ba,34
2020-09-19 16:04:15,eb97a620-44d5-4e9e-8df8-e9e56aee78f1,17
2021-03-27 17:18:19,d983c7ad-569c-4fad-8615-60d746fd4e75,25
2020-05-14 13:23:56,d983c7ad-569c-4fad-8615-60d746fd4e75,36
2020-07-14 18:53:17,61d565e9-64f9-4bf5-b8ef-e6660331dfbc,16
2020-05-26 09:43:36,eb97a620-44d5-4e9e-8df8-e9e56aee78f1,16
2020-08-19 21:01:53,61d565e9-64f9-4bf5-b8ef-e6660331dfbc,31
2020-04-16 10:15:51,be67faae-1f79-45c7-b218-dbeffe1c8ab2,34
2020-11-17 12:33:44,d983c7ad-569c-4fad-8615-60d746fd4e75,41
2020-07-17 01:16:24,f74cc5c9-e91e-4a66-b46a-b1ba776019ba,22
2020-12-13 04:52:09,be67faae-1f79-45c7-b218-dbeffe1c8ab2,35
2020-07-06 13:19:05,eb97a620-44d5-4e9e-8df8-e9e56aee78f1,16
2020-06-03 15:55:18,e36f14bf-f469-44ef-ada5-5f26887b3e92,16
2020-11-25 19:18:04,e36f14bf-f469-44ef-ada5-5f26887b3e92,27
2020-09-14 17:13:40,d983c7ad-569c-4fad-8615-60d746fd4e75,21
2020-07-26 19:36:11,be67faae-1f79-45c7-b218-dbeffe1c8ab2,26
2020-07-18 15:03:49,e36f14bf-f469-44ef-ada5-5f26887b3e92,28
2020-10-10 22:14:58,61d565e9-64f9-4bf5-b8ef-e6660331dfbc,28
2021-01-25 06:56:44,e36f14bf-f469-44ef-ada5-5f26887b3e92,28
2020-09-08 08:23:33,d983c7ad-569c-4fad-8615-60d746fd4e75,30
2020-06-17 05:02:17,e36f14bf-f469-44ef-ada5-5f26887b3e92,28
2020-08-08 18:02:11,61d565e9-64f9-4bf5-b8ef-e6660331dfbc,17
2021-04-12 16:54:11,eb97a620-44d5-4e9e-8df8-e9e56aee78f1,23
2021-01-01 03:09:39,61d565e9-64f9-4bf5-b8ef-e6660331dfbc,31
2020-05-21 09:10:06,e9834a76-ada7-469e-a2be-43db255d47d4,23
2020-08-04 14:44:36,e9859165-1ce2-40bc-85fe-f503a182ec9b,29
2020-07-30 21:32:09,be67faae-1f79-45c7-b218-dbeffe1c8ab2,37
2020-05-02 16:31:32,be67faae-1f79-45c7-b218-dbeffe1c8ab2,38
2020-08-14 07:14:03,be67faae-1f79-45c7-b218-dbeffe1c8ab2,39
2021-03-31 15:20:54,be67faae-1f79-45c7-b218-dbeffe1c8ab2,27
2020-05-10 09:32:20,93548b94-5888-4f45-9177-16243e755ee9,34
2020-08-06 23:06:50,eb97a620-44d5-4e9e-8df8-e9e56aee78f1,39
2020-09-27 13:20:36,eb97a620-44d5-4e9e-8df8-e9e56aee78f1,40
2020-07-11 18:33:47,61d565e9-64f9-4bf5-b8ef-e6660331dfbc,39
2020-08-20 08:35:54,93548b94-5888-4f45-9177-16243e755ee9,36
2021-01-06 16:10:10,61d565e9-64f9-4bf5-b8ef-e6660331dfbc,22
2020-12-29 21:16:51,f74cc5c9-e91e-4a66-b46a-b1ba776019ba,38
2021-04-10 04:29:32,e9834a76-ada7-469e-a2be-43db255d47d4,35
2020-11-13 02:59:51,be67faae-1f79-45c7-b218-dbeffe1c8ab2,22
2020-12-27 00:25:02,d983c7ad-569c-4fad-8615-60d746fd4e75,18
2021-02-07 05:46:28,eb97a620-44d5-4e9e-8df8-e9e56aee78f1,35
2021-01-26 02:13:28,93548b94-5888-4f45-9177-16243e755ee9,38
2020-05-21 00:49:24,eb97a620-44d5-4e9e-8df8-e9e56aee78f1,38
2020-04-24 00:25:36,e9834a76-ada7-469e-a2be-43db255d47d4,21
2020-12-30 12:21:15,f74cc5c9-e91e-4a66-b46a-b1ba776019ba,19
2020-09-13 19:45:23,61d565e9-64f9-4bf5-b8ef-e6660331dfbc,22
2020-05-03 15:24:15,e9834a76-ada7-469e-a2be-43db255d47d4,15
2021-02-22 08:51:18,f74cc5c9-e91e-4a66-b46a-b1ba776019ba,15
2021-01-18 21:13:41,3aed1496-6b23-4b38-8837-c0345864d460,32
2020-06-20 13:09:04,93548b94-5888-4f45-9177-16243e755ee9,17
2020-10-23 10:43:59,3aed1496-6b23-4b38-8837-c0345864d460,31
2021-03-12 03:49:08,d983c7ad-569c-4fad-8615-60d746fd4e75,39
2020-11-06 12:48:09,61d565e9-64f9-4bf5-b8ef-e6660331dfbc,36
2020-05-25 01:22:05,e36f14bf-f469-44ef-ada5-5f26887b3e92,20
2020-09-22 14:56:37,f74cc5c9-e91e-4a66-b46a-b1ba776019ba,26
2020-12-12 17:23:31,e9834a76-ada7-469e-a2be-43db255d47d4,34
2020-05-05 03:16:48,93548b94-5888-4f45-9177-16243e755ee9,39
2020-11-20 09:37:35,e36f14bf-f469-44ef-ada5-5f26887b3e92,24
2021-01-11 09:21:38,3aed1496-6b23-4b38-8837-c0345864d460,35
2020-07-19 12:44:23,d983c7ad-569c-4fad-8615-60d746fd4e75,15
2021-01-08 10:00:24,eb97a620-44d5-4e9e-8df8-e9e56aee78f1,36
2021-03-01 16:36:52,e36f14bf-f469-44ef-ada5-5f26887b3e92,26
2020-11-26 07:47:50,f74cc5c9-e91e-4a66-b46a-b1ba776019ba,28
2020-12-07 19:46:03,eb97a620-44d5-4e9e-8df8-e9e56aee78f1,29
2021-02-16 11:14:35,93548b94-5888-4f45-9177-16243e755ee9,30
2021-03-19 05:25:32,be67faae-1f79-45c7-b218-dbeffe1c8ab2,31
2020-11-08 16:32:03,eb97a620-44d5-4e9e-8df8-e9e56aee78f1,16
2021-04-08 18:14:28,3aed1496-6b23-4b38-8837-c0345864d460,38
2021-01-03 07:40:19,61d565e9-64f9-4bf5-b8ef-e6660331dfbc,38
2021-03-12 15:24:28,be67faae-1f79-45c7-b218-dbeffe1c8ab2,17
2021-03-01 13:19:29,e9859165-1ce2-40bc-85fe-f503a182ec9b,32
2020-06-14 11:00:13,e36f14bf-f469-44ef-ada5-5f26887b3e92,35
2020-05-15 11:56:41,61d565e9-64f9-4bf5-b8ef-e6660331dfbc,37
2021-01-18 07:51:19,e36f14bf-f469-44ef-ada5-5f26887b3e92,24
2021-04-11 02:13:34,d983c7ad-569c-4fad-8615-60d746fd4e75,21
2020-12-13 15:39:46,61d565e9-64f9-4bf5-b8ef-e6660331dfbc,35
2021-01-25 14:05:32,93548b94-5888-4f45-9177-16243e755ee9,17
2020-11-22 22:57:04,e9859165-1ce2-40bc-85fe-f503a182ec9b,15
2021-03-19 02:17:47,eb97a620-44d5-4e9e-8df8-e9e56aee78f1,36
2020-04-19 06:16:56,3aed1496-6b23-4b38-8837-c0345864d460,30
2021-03-23 06:16:36,d983c7ad-569c-4fad-8615-60d746fd4e75,26
2021-01-17 09:54:00,93548b94-5888-4f45-9177-16243e755ee9,22
2020-11-22 10:15:25,f74cc5c9-e91e-4a66-b46a-b1ba776019ba,15
2020-10-15 16:38:21,3aed1496-6b23-4b38-8837-c0345864d460,40
2020-12-25 16:36:20,3aed1496-6b23-4b38-8837-c0345864d460,31
2020-10-10 19:29:55,be67faae-1f79-45c7-b218-dbeffe1c8ab2,21
2020-09-14 18:50:09,e9859165-1ce2-40bc-85fe-f503a182ec9b,28
2020-09-21 12:20:04,e9859165-1ce2-40bc-85fe-f503a182ec9b,16
2021-01-28 08:32:37,f74cc5c9-e91e-4a66-b46a-b1ba776019ba,37
2021-04-03 01:41:22,93548b94-5888-4f45-9177-16243e755ee9,34
2021-01-28 09:15:26,be67faae-1f79-45c7-b218-dbeffe1c8ab2,38
2021-01-12 15:30:33,be67faae-1f79-45c7-b218-dbeffe1c8ab2,26
2020-12-23 12:57:28,61d565e9-64f9-4bf5-b8ef-e6660331dfbc,24
2020-06-28 17:44:24,61d565e9-64f9-4bf5-b8ef-e6660331dfbc,24
2021-01-10 17:57:32,d983c7ad-569c-4fad-8615-60d746fd4e75,37
